,geoid10,score10,se10
42961,36005000200,0.42051044,0.017681323
42962,36005000400,0.40599281,0.020621901
42963,36005001600,0.4086968,0.012577487
42964,36005001900,0.33781171,0.02068376
42965,36005002000,0.34437332,0.0087374104
42966,36005002300,0.33425212,0.011375563
42968,36005002500,0.35454684,0.011387068
42969,36005002701,0.31635746,0.013343293
42970,36005002702,0.35164121,0.012342719
42971,36005002800,0.3736479,0.012233335
42972,36005003100,0.3995032,0.023038056
42973,36005003300,0.33551401,0.012608962
42974,36005003500,0.39000627,0.013768152
42975,36005003700,0.30025655,0.041941024
42976,36005003800,0.38596779,0.026925987
42977,36005003900,0.36636481,0.011737131
42978,36005004001,0.46598771,0.031359792
42979,36005004100,0.3460834,0.010430975
42980,36005004200,0.36349785,0.010113283
42981,36005004300,0.37155798,0.01246318
42982,36005004400,0.37240621,0.01192987
42983,36005004600,0.35743466,0.027303623
42984,36005004800,0.38369355,0.012699472
42985,36005005001,0.35489154,0.011529719
42986,36005005002,0.39084318,0.011298905
42987,36005005100,0.32923657,0.0094384551
42988,36005005200,0.36804754,0.016079731
42989,36005005300,0.35531697,0.011336234
42990,36005005400,0.39886862,0.011579396
42991,36005005600,0.39122254,0.016483216
42992,36005005902,0.38131338,0.016812775
42993,36005006000,0.35236299,0.023783537
42994,36005006100,0.36531556,0.020927167
42995,36005006200,0.3307249,0.0090344138
42996,36005006300,0.39588076,0.011514273
42997,36005006400,0.4033787,0.015387828
42998,36005006500,0.38001299,0.012646571
42999,36005006700,0.33804867,0.0082903877
43000,36005006800,0.3915371,0.01685014
43001,36005006900,0.33956286,0.011370298
43002,36005007000,0.41260606,0.01679614
43003,36005007100,0.33787516,0.018463098
43004,36005007200,0.42812696,0.01317419
43005,36005007300,0.36587462,0.012889698
43006,36005007400,0.4386425,0.019801145
43007,36005007500,0.37372342,0.012276639
43008,36005007600,0.42702836,0.014323229
43009,36005007700,0.3474713,0.021824297
43010,36005007800,0.4157055,0.012873816
43011,36005007900,0.36045188,0.01005926
43012,36005008300,0.36500624,0.010002634
43013,36005008400,0.43382993,0.026331849
43014,36005008500,0.38933614,0.011746316
43015,36005008600,0.3572717,0.012453347
43016,36005008700,0.40277654,0.011474421
43017,36005008900,0.37032923,0.015450318
43018,36005009000,0.37761658,0.014579202
43019,36005009200,0.43232125,0.014762722
43020,36005009300,0.36475393,0.010631601
43021,36005009600,0.41796929,0.027030267
43022,36005009800,0.4272095,0.015360872
43024,36005011502,0.35377157,0.012713035
43025,36005011700,0.35858276,0.021542447
43026,36005011800,0.60982579,0.03484372
43027,36005011900,0.34845027,0.011288917
43028,36005012101,0.38327062,0.016118849
43029,36005012102,0.32872185,0.014985956
43030,36005012300,0.38644406,0.015015231
43031,36005012500,0.35005119,0.019548571
43032,36005012701,0.35763973,0.019079449
43033,36005012901,0.34470275,0.016981522
43034,36005013000,0.52592516,0.064625539
43035,36005013100,0.35558051,0.014303507
43036,36005013200,0.4925673,0.028024888
43037,36005013300,0.3673014,0.010164921
43038,36005013500,0.31805894,0.012724105
43039,36005013800,0.4608528,0.033240743
43040,36005014100,0.3222951,0.014138899
43041,36005014300,0.28928241,0.025614638
43042,36005014400,0.36195996,0.011999197
43043,36005014500,0.31586194,0.0097784912
43044,36005014701,0.32943928,0.0084677394
43045,36005014702,0.30888036,0.0090756621
43046,36005014900,0.34070155,0.012437049
43047,36005015100,0.34510309,0.011727627
43048,36005015200,0.52600509,0.036290627
43049,36005015300,0.36395252,0.015824215
43050,36005015500,0.35431033,0.016128773
43051,36005015700,0.3398979,0.013150234
43052,36005015800,0.5056448,0.054342601
43053,36005015900,0.35274962,0.014666661
43054,36005016000,0.48900414,0.036134839
43055,36005016100,0.36304957,0.010780158
43056,36005016200,0.44086942,0.045325812
43057,36005016400,0.42159903,0.053683352
43058,36005016500,0.35715073,0.021679198
43059,36005016600,0.42840585,0.039376076
43060,36005016700,0.35286099,0.019893352
43061,36005016900,0.34156477,0.022206185
43062,36005017300,0.35781804,0.010121938
43063,36005017500,0.33827889,0.0084900679
43064,36005017701,0.35983709,0.013077863
43065,36005017702,0.35697284,0.013430439
43066,36005017901,0.36339462,0.010257438
43067,36005017902,0.36037925,0.01280743
43068,36005018101,0.37273017,0.014731286
43069,36005018102,0.37341049,0.010614457
43070,36005018301,0.38690695,0.012491673
43071,36005018302,0.35743797,0.011906254
43072,36005018400,0.53548872,0.030900979
43073,36005018500,0.3605864,0.011056815
43074,36005018900,0.36654821,0.009672815
43075,36005019300,0.36410075,0.011014519
43076,36005019400,0.4283095,0.030655412
43077,36005019500,0.3987962,0.0094353259
43078,36005019700,0.38814437,0.0090788184
43079,36005019900,0.36392272,0.0084359059
43080,36005020000,0.45635101,0.016328184
43081,36005020100,0.34661812,0.014783951
43082,36005020200,0.4472445,0.030358056
43083,36005020400,0.4217366,0.020327846
43084,36005020501,0.37458274,0.010121125
43085,36005020502,0.37100899,0.017043801
43086,36005020601,0.40164673,0.022695335
43087,36005020900,0.36691895,0.010512657
43088,36005021001,0.3862828,0.009962365
43089,36005021002,0.40518671,0.010411689
43090,36005021100,0.3327868,0.0097049819
43091,36005021200,0.4304437,0.013304734
43092,36005021301,0.35210875,0.023768736
43093,36005021302,0.36096728,0.013367667
43094,36005021501,0.35321099,0.011902141
43095,36005021502,0.36536247,0.0097089065
43096,36005021601,0.42447504,0.013707404
43097,36005021602,0.41407284,0.012660108
43098,36005021700,0.35020256,0.011029804
43099,36005021800,0.37875035,0.010997181
43100,36005021900,0.4434042,0.022967173
43101,36005022000,0.37593728,0.020814264
43102,36005022101,0.39273164,0.014632282
43103,36005022102,0.39331979,0.011120924
43104,36005022200,0.4312484,0.017932268
43105,36005022300,0.37107095,0.010424991
43106,36005022401,0.45796967,0.021350248
43107,36005022403,0.42881876,0.015935885
43108,36005022404,0.47000846,0.015785554
43109,36005022500,0.36468521,0.0083317393
43110,36005022701,0.35479447,0.011108577
43111,36005022702,0.37576881,0.019178538
43112,36005022703,0.40157941,0.019847933
43113,36005022800,0.45394224,0.013916661
43114,36005022901,0.38029653,0.0097735701
43115,36005022902,0.37332258,0.014174412
43116,36005023000,0.44162461,0.021066867
43117,36005023100,0.41462937,0.021320704
43118,36005023200,0.49121374,0.026676852
43119,36005023301,0.38046503,0.01074526
43120,36005023302,0.37609097,0.012777595
43121,36005023501,0.40004447,0.013091133
43122,36005023502,0.36626306,0.010895749
43123,36005023600,0.44125918,0.023139436
43124,36005023702,0.32619894,0.021140419
43125,36005023703,0.38919026,0.011100111
43126,36005023704,0.35678294,0.011741635
43127,36005023800,0.45035151,0.025534892
43128,36005023900,0.34912336,0.0083442284
43129,36005024000,0.3817085,0.016752908
43130,36005024100,0.38759416,0.010301773
43131,36005024300,0.35802507,0.010393984
43132,36005024400,0.55141675,0.04045346
43133,36005024501,0.34753361,0.011473088
43134,36005024502,0.38140619,0.013750123
43135,36005024600,0.50732952,0.033614591
43136,36005024700,0.35736778,0.017696073
43137,36005024800,0.52595395,0.030978536
43138,36005025000,0.48875949,0.041573338
43139,36005025100,0.3770043,0.011032363
43140,36005025200,0.52650166,0.038056381
43141,36005025300,0.38265544,0.010048483
43142,36005025400,0.54393941,0.051627465
43143,36005025500,0.38106593,0.010078395
43144,36005025600,0.47524416,0.034511328
43145,36005025700,0.41694382,0.019876713
43146,36005026100,0.3678304,0.033569463
43147,36005026300,0.37514696,0.01054646
43148,36005026400,0.47098124,0.02648237
43149,36005026500,0.40937424,0.010522585
43150,36005026601,0.49314162,0.031923573
43151,36005026602,0.46829396,0.021437606
43152,36005026701,0.38337734,0.013704647
43153,36005026702,0.40769529,0.010249901
43154,36005026900,0.38743109,0.014445191
43155,36005027300,0.4003984,0.009106637
43156,36005027401,0.59390801,0.02949691
43157,36005027402,0.55758768,0.038582373
43158,36005027700,0.41997465,0.013261233
43159,36005027900,0.45159945,0.01549798
43160,36005028100,0.45078534,0.026794238
43161,36005028300,0.40173256,0.015664086
43163,36005028500,0.50413495,0.026082972
43164,36005028600,0.43726525,0.05710385
43165,36005028700,0.4808079,0.022366267
43166,36005028800,0.58223498,0.035624433
43167,36005028900,0.48250377,0.018258875
43168,36005029301,0.56031692,0.066896446
43169,36005029302,0.47909418,0.034791164
43170,36005029500,0.53909886,0.029039579
43171,36005029600,0.44043648,0.035209972
43172,36005029700,0.58217365,0.033019867
43173,36005030000,0.46690649,0.022568034
43174,36005030100,0.48724058,0.08798293
43175,36005030200,0.40553704,0.013487319
43176,36005030701,0.49200186,0.037797686
43177,36005030900,0.51226199,0.051322039
43178,36005031000,0.54045111,0.037413869
43179,36005031200,0.49495214,0.044874955
43180,36005031400,0.60382378,0.041162882
43181,36005031600,0.51238579,0.049074136
43182,36005031800,0.49185896,0.044115763
43184,36005032300,0.52165341,0.031493027
43185,36005032400,0.39418197,0.019101799
43186,36005032600,0.52930713,0.030980483
43187,36005032800,0.44396415,0.017498575
43188,36005033000,0.46978647,0.0158624
43189,36005033201,0.4386524,0.019959176
43190,36005033202,0.40032768,0.014715883
43191,36005033400,0.40534517,0.069946416
43192,36005033500,0.47615379,0.061498016
43193,36005033600,0.38057169,0.011053562
43194,36005033700,0.53145707,0.043691307
43195,36005033800,0.39512467,0.013629794
43196,36005034000,0.41183069,0.013766921
43197,36005034200,0.44197485,0.028225865
43198,36005034300,0.44628078,0.046094682
43199,36005034400,0.40502861,0.032104194
43200,36005034500,0.49538755,0.037790895
43201,36005034800,0.37463301,0.012077788
43202,36005035000,0.39635962,0.026474582
43203,36005035100,0.47031415,0.030353712
43204,36005035600,0.39485767,0.028640104
43205,36005035800,0.38724333,0.012795501
43206,36005035900,0.38486728,0.022242283
43207,36005036000,0.41443625,0.026221991
43208,36005036100,0.37295941,0.011104188
43209,36005036300,0.3721979,0.010218578
43210,36005036400,0.36355472,0.017471481
43211,36005036501,0.3513599,0.012585384
43212,36005036502,0.37202606,0.020298712
43213,36005036700,0.36003864,0.018643927
43214,36005036800,0.36115217,0.023732927
43215,36005036901,0.36541206,0.019558504
43216,36005036902,0.32455707,0.014324523
43217,36005037000,0.39494121,0.025597112
43218,36005037100,0.3549892,0.012567701
43219,36005037200,0.37920356,0.021760523
43220,36005037300,0.36850148,0.011676126
43221,36005037400,0.36686495,0.013353708
43222,36005037504,0.34953097,0.01574911
43223,36005037600,0.34370273,0.017407831
43224,36005037800,0.38001391,0.016119927
43225,36005037900,0.36088622,0.0098873358
43226,36005038000,0.37953576,0.01435711
43227,36005038100,0.38430941,0.010078527
43228,36005038200,0.39121413,0.018980879
43229,36005038301,0.35591635,0.011018095
43230,36005038302,0.34923595,0.010282543
43231,36005038500,0.40325588,0.014147236
43232,36005038600,0.38187012,0.0093507357
43233,36005038700,0.36783937,0.015300934
43234,36005038800,0.413349,0.01961563
43235,36005038900,0.41537762,0.016340142
43236,36005039000,0.36486509,0.016077263
43237,36005039100,0.37216642,0.012331536
43238,36005039200,0.41207245,0.021945857
43239,36005039300,0.35115626,0.0091815395
43240,36005039400,0.40068975,0.012803151
43241,36005039500,0.33052555,0.01302171
43242,36005039600,0.38124779,0.015641434
43243,36005039700,0.36211658,0.021519866
43244,36005039800,0.36095494,0.017909473
43245,36005039901,0.39668307,0.010644075
43246,36005039902,0.3940115,0.011564027
43247,36005040100,0.38996318,0.011687417
43248,36005040302,0.40214938,0.01272242
43249,36005040303,0.40765741,0.0119508
43250,36005040304,0.38867912,0.01210127
43251,36005040400,0.38433334,0.019260677
43252,36005040501,0.40550089,0.01225897
43253,36005040502,0.39001763,0.0096206767
43254,36005040600,0.40548351,0.015122267
43255,36005040701,0.38973302,0.014944513
43256,36005040702,0.42355296,0.011356632
43257,36005040800,0.40647772,0.01340542
43258,36005040900,0.43798777,0.023802588
43259,36005041100,0.41768557,0.019441348
43260,36005041300,0.43168834,0.012007561
43261,36005041400,0.43867844,0.015120159
43262,36005041500,0.40909389,0.013403626
43263,36005041800,0.41566336,0.015244927
43264,36005041900,0.4363876,0.012686704
43265,36005042000,0.4172172,0.015120663
43266,36005042100,0.39293092,0.012099534
43267,36005042200,0.41136345,0.018207673
43268,36005042300,0.43332246,0.017367829
43269,36005042400,0.41183522,0.020954287
43270,36005042500,0.43006057,0.013419934
43271,36005042600,0.40082774,0.014013828
43272,36005042800,0.40532714,0.024363354
43273,36005042901,0.44116801,0.017511819
43274,36005042902,0.42445785,0.015824772
43275,36005043000,0.35252932,0.017605523
43276,36005043100,0.3939108,0.0089798542
43277,36005043400,0.40060461,0.017135225
43279,36005043600,0.44708616,0.024592869
43280,36005044200,0.41174185,0.016288308
43281,36005044400,0.42450264,0.018487798
43282,36005044800,0.39558199,0.026256764
43283,36005044901,0.62080008,0.053166553
43284,36005044902,0.52209467,0.050647985
43285,36005045101,0.51190293,0.052247897
43286,36005045102,0.57911444,0.065408342
43287,36005045600,0.44525525,0.024543084
43288,36005045800,0.34864691,0.011123249
43289,36005046000,0.3752712,0.018383551
43290,36005046201,0.3851954,0.0082022045
43291,36005046202,0.40804064,0.012190636
43292,36005048400,0.4201358,0.019559275
43294,36005051600,0.56923342,0.034481149
43955,36047000100,0.39511856,0.039719891
43956,36047000200,0.42996398,0.027856212
43957,36047000301,0.65643263,0.056394823
43958,36047000501,0.28551778,0.078196019
43959,36047000502,0.45167717,0.061641712
43960,36047000700,0.49998406,0.056770597
43961,36047000900,0.46184716,0.030987803
43962,36047001100,0.35215193,0.076538585
43963,36047001300,0.39724079,0.062389251
43964,36047001500,0.32877222,0.013197217
43965,36047001800,0.30056003,0.092282221
43966,36047002000,0.43307212,0.02365889
43967,36047002100,0.44846052,0.063620418
43968,36047002200,0.45927101,0.018751601
43969,36047002300,0.31121796,0.010534666
43970,36047002901,0.32130691,0.012647063
43971,36047003000,0.59918749,0.046783503
43972,36047003100,0.49315724,0.029695308
43973,36047003300,0.3947725,0.033337008
43974,36047003400,0.5110234,0.03289517
43975,36047003500,0.36567086,0.034296568
43976,36047003600,0.50905746,0.024278261
43977,36047003700,0.35287625,0.06435243
43978,36047003800,0.60581845,0.050139904
43979,36047003900,0.38954762,0.027567409
43980,36047004100,0.44427332,0.046449505
43981,36047004300,0.41687724,0.025210345
43982,36047004400,0.6552242,0.055577658
43983,36047004500,0.40818557,0.032813806
43984,36047004600,0.53528768,0.053242784
43985,36047004700,0.35125998,0.038556911
43986,36047004900,0.49115282,0.047992256
43987,36047005000,0.58407474,0.043349627
43988,36047005100,0.47650751,0.036893271
43989,36047005201,0.64825809,0.084633663
43990,36047005202,0.53715694,0.040138196
43991,36047005300,0.3190259,0.023164395
43992,36047005400,0.52457869,0.030755492
43993,36047005601,0.588103,0.039008919
43994,36047005602,0.48162881,0.045290131
43995,36047005800,0.53087527,0.023976495
43996,36047005900,0.3330422,0.02950917
43997,36047006000,0.49874169,0.028368251
43998,36047006200,0.5245719,0.025250223
43999,36047006300,0.50178117,0.065584101
44000,36047006400,0.52128941,0.027453098
44001,36047006500,0.43795538,0.031250328
44002,36047006600,0.56290948,0.023401067
44003,36047006700,0.53289884,0.043392658
44004,36047006800,0.5179736,0.018811058
44005,36047006900,0.43223581,0.026313648
44006,36047007000,0.57475567,0.028276661
44007,36047007100,0.3582108,0.013110752
44008,36047007200,0.47596332,0.024036583
44009,36047007400,0.44627786,0.013521925
44010,36047007500,0.51341796,0.033591237
44011,36047007600,0.4578011,0.014652132
44012,36047007700,0.43918923,0.031114064
44013,36047007800,0.3949143,0.013342822
44014,36047008000,0.44404075,0.015235907
44015,36047008200,0.43231028,0.015836192
44016,36047008400,0.47028539,0.019071363
44017,36047008500,0.31745812,0.0079806466
44018,36047008800,0.44026718,0.017697051
44019,36047009000,0.45078903,0.019219339
44020,36047009200,0.47080904,0.01412135
44021,36047009400,0.50829691,0.014757663
44022,36047009600,0.45259821,0.013373416
44023,36047009800,0.4355742,0.011922199
44024,36047010000,0.47240806,0.012994066
44025,36047010100,0.44872814,0.01800102
44026,36047010200,0.4550325,0.016738288
44027,36047010400,0.52943599,0.013963772
44028,36047010600,0.51753169,0.013798767
44029,36047010800,0.48784295,0.014979545
44030,36047011000,0.44429463,0.022861971
44031,36047011200,0.44545981,0.012713872
44032,36047011400,0.40959254,0.018134436
44033,36047011600,0.53168178,0.015957452
44034,36047011700,0.46386978,0.022209095
44035,36047011800,0.49035358,0.022954533
44036,36047011900,0.40799496,0.03027915
44037,36047012000,0.47470832,0.028817609
44038,36047012100,0.48178506,0.031403299
44039,36047012200,0.46844482,0.014903403
44040,36047012600,0.4974277,0.024179462
44041,36047012700,0.35389549,0.016169235
44042,36047012801,0.5569765,0.030079503
44043,36047012901,0.47174764,0.032152232
44044,36047012902,0.42724797,0.034323413
44045,36047013000,0.48964763,0.021018317
44046,36047013100,0.3979238,0.019351723
44047,36047013200,0.58379734,0.026732465
44048,36047013300,0.42058682,0.028365398
44049,36047013400,0.49349025,0.025737951
44050,36047013500,0.398873,0.028893283
44051,36047013600,0.52565855,0.02343783
44052,36047013700,0.43941879,0.027777569
44053,36047013800,0.54074079,0.026370209
44054,36047013900,0.42373964,0.020120483
44055,36047014000,0.44265738,0.0397758
44056,36047014100,0.42610577,0.023814626
44057,36047014200,0.54208273,0.023236105
44058,36047014300,0.42505285,0.019511275
44059,36047014500,0.43467614,0.017359532
44060,36047014700,0.43817616,0.027550602
44061,36047014800,0.62363535,0.05206437
44062,36047014900,0.45338434,0.019605905
44063,36047015000,0.62572461,0.055890989
44064,36047015100,0.40037528,0.032858498
44065,36047015200,0.37495562,0.041829761
44066,36047015300,0.44328973,0.037400022
44067,36047015500,0.47230881,0.031959351
44068,36047015700,0.46552774,0.041930441
44069,36047015900,0.44046193,0.034757886
44070,36047016000,0.48534241,0.021355923
44071,36047016100,0.40724453,0.026229804
44072,36047016200,0.54845995,0.039039232
44073,36047016300,0.41583583,0.022348423
44074,36047016400,0.38520947,0.02971481
44075,36047016500,0.49702919,0.036655292
44076,36047016600,0.61293554,0.045935158
44077,36047016700,0.4296518,0.034995385
44078,36047016800,0.65122253,0.082348429
44079,36047016900,0.44345784,0.023691354
44080,36047017000,0.4694629,0.034448709
44081,36047017100,0.50299537,0.042460561
44082,36047017200,0.64972359,0.031328417
44083,36047017400,0.56572574,0.037863705
44085,36047017600,0.47124878,0.032158863
44086,36047017800,0.51467782,0.025084961
44087,36047017900,0.35052422,0.018147457
44088,36047018000,0.5347991,0.024492543
44089,36047018100,0.37605733,0.023223005
44090,36047018200,0.55508047,0.024482736
44091,36047018300,0.41510755,0.025383608
44092,36047018400,0.54841405,0.043517254
44093,36047018501,0.31932676,0.010197618
44094,36047018600,0.63221616,0.041968357
44095,36047018700,0.41498426,0.030574344
44096,36047018800,0.53944194,0.029884508
44097,36047019000,0.50964612,0.021847527
44098,36047019100,0.34855989,0.019765889
44099,36047019200,0.53339297,0.026747016
44100,36047019300,0.3570385,0.025146004
44101,36047019400,0.56772166,0.022820819
44102,36047019500,0.35776186,0.01720858
44103,36047019600,0.549528,0.022054136
44104,36047019700,0.42277715,0.02537352
44105,36047019800,0.44342583,0.041872878
44106,36047019900,0.38338757,0.022107491
44107,36047020000,0.4709335,0.035620425
44108,36047020100,0.38593054,0.022653295
44109,36047020200,0.65115428,0.044215564
44110,36047020300,0.31647995,0.022876579
44111,36047020400,0.62291884,0.051249504
44112,36047020500,0.34983408,0.019966826
44113,36047020600,0.50813884,0.034177251
44114,36047020700,0.36956012,0.017371643
44115,36047020800,0.49568677,0.030144632
44116,36047021000,0.55788571,0.021401897
44117,36047021100,0.42726833,0.028680179
44118,36047021200,0.53154182,0.020089181
44119,36047021300,0.39431548,0.011578358
44120,36047021400,0.48131874,0.028739566
44121,36047021500,0.38070416,0.012731309
44122,36047021600,0.49062464,0.02288802
44123,36047021700,0.40366626,0.013899392
44124,36047021800,0.45621321,0.020072587
44125,36047021900,0.37627149,0.013873773
44126,36047022000,0.40601283,0.017102139
44127,36047022100,0.33874691,0.014633484
44128,36047022200,0.44309309,0.017610695
44129,36047022400,0.45848027,0.016671784
44130,36047022600,0.48346105,0.0238034
44131,36047022700,0.33222839,0.0138354
44132,36047022800,0.43625796,0.017112182
44133,36047022900,0.36286631,0.014374219
44134,36047023000,0.42616287,0.016850328
44135,36047023100,0.36864093,0.019047547
44136,36047023200,0.39759409,0.014084443
44137,36047023300,0.31800708,0.010930289
44138,36047023400,0.4450886,0.019957533
44139,36047023500,0.37561896,0.018880799
44140,36047023600,0.43505144,0.017478868
44141,36047023800,0.44782811,0.022700582
44142,36047024000,0.47399029,0.021133602
44143,36047024100,0.36932167,0.021193244
44144,36047024200,0.43677029,0.026095303
44145,36047024300,0.38760003,0.014425538
44146,36047024400,0.50993365,0.027418453
44147,36047024500,0.37317726,0.01547344
44148,36047024600,0.58049524,0.027433619
44149,36047024700,0.32205755,0.014736358
44150,36047024800,0.54346961,0.028819639
44151,36047024900,0.33720046,0.011531259
44152,36047025000,0.57067186,0.037188582
44153,36047025100,0.34246126,0.012981996
44154,36047025200,0.54584712,0.019075284
44155,36047025300,0.35846263,0.017238336
44156,36047025400,0.53195983,0.02075861
44157,36047025500,0.32371649,0.0094464021
44158,36047025600,0.59058827,0.024963787
44159,36047025700,0.38109756,0.023543129
44160,36047025800,0.56179017,0.019321803
44161,36047025901,0.32989034,0.018644338
44162,36047025902,0.33044511,0.011514189
44163,36047026000,0.54661709,0.023899026
44164,36047026100,0.33786657,0.012068592
44165,36047026200,0.58170897,0.030405361
44166,36047026300,0.34222549,0.019912736
44167,36047026400,0.52991182,0.018602269
44168,36047026500,0.30697054,0.011775811
44169,36047026600,0.54405576,0.023442984
44170,36047026700,0.33596814,0.01393422
44171,36047026800,0.5597946,0.022222694
44172,36047026900,0.33114594,0.014541836
44173,36047027000,0.56927752,0.026606115
44174,36047027100,0.35803214,0.015963107
44175,36047027200,0.53290111,0.022686379
44176,36047027300,0.31752107,0.014472789
44177,36047027400,0.57389826,0.027298002
44178,36047027500,0.33186868,0.012128156
44179,36047027600,0.54025888,0.023276208
44180,36047027700,0.30256444,0.011363587
44181,36047027800,0.58424985,0.023940856
44182,36047027900,0.3345587,0.013226904
44183,36047028000,0.51379693,0.038586169
44184,36047028100,0.32012311,0.011838706
44185,36047028200,0.55112439,0.02472968
44186,36047028300,0.31503361,0.011234605
44187,36047028400,0.56261528,0.019911988
44188,36047028501,0.34234372,0.052931529
44189,36047028502,0.31900224,0.013060312
44190,36047028600,0.56665146,0.017039409
44191,36047028700,0.34833032,0.017075669
44192,36047028800,0.54826015,0.020100141
44193,36047028900,0.37738183,0.016321523
44194,36047029000,0.57691097,0.019071415
44195,36047029100,0.33203167,0.014396233
44196,36047029200,0.55360705,0.026186023
44197,36047029300,0.33125907,0.014151338
44198,36047029400,0.55991864,0.031503037
44199,36047029500,0.32815138,0.013649439
44200,36047029600,0.57254708,0.017387915
44201,36047029700,0.34291616,0.014787723
44202,36047029800,0.54699463,0.022820581
44203,36047029900,0.34321073,0.016702985
44204,36047030000,0.53191537,0.024381865
44205,36047030100,0.34443796,0.016072378
44206,36047030200,0.55390912,0.025996484
44207,36047030300,0.32195041,0.011896463
44208,36047030400,0.52468705,0.026022116
44209,36047030500,0.36401162,0.012205916
44210,36047030600,0.62159795,0.036924627
44211,36047030700,0.34122157,0.015612106
44212,36047030800,0.48762399,0.034758013
44213,36047030900,0.32874221,0.01768834
44214,36047031100,0.35911709,0.015424147
44215,36047031300,0.35210922,0.012923767
44216,36047031400,0.61192429,0.025843184
44217,36047031500,0.33584768,0.0097634969
44218,36047031701,0.36865696,0.012692727
44219,36047031702,0.40616354,0.015590554
44220,36047031900,0.40624785,0.013788972
44221,36047032100,0.39048231,0.0095104007
44222,36047032300,0.33553851,0.010902405
44223,36047032500,0.36743236,0.0088834157
44224,36047032600,0.37659982,0.010438115
44225,36047032700,0.39749506,0.013439547
44226,36047032800,0.46382734,0.01896802
44227,36047032900,0.39513949,0.010415346
44228,36047033000,0.39101881,0.011692253
44229,36047033100,0.38959375,0.012179944
44230,36047033300,0.4267804,0.01517706
44231,36047033500,0.41748455,0.019143626
44232,36047033600,0.48207879,0.020501981
44233,36047033700,0.39468417,0.01413243
44234,36047033900,0.38968739,0.013755373
44235,36047034000,0.34903967,0.018545728
44236,36047034100,0.35067451,0.016273627
44237,36047034200,0.3563804,0.0098008038
44238,36047034300,0.32016665,0.0095360829
44239,36047034500,0.40053418,0.017404331
44240,36047034700,0.31378892,0.012085677
44241,36047034800,0.39612979,0.023839617
44242,36047034900,0.3831656,0.0098546436
44243,36047035000,0.61173022,0.017893882
44244,36047035100,0.39694318,0.011282099
44245,36047035200,0.34611982,0.049161684
44246,36047035300,0.35467482,0.0097673098
44247,36047035400,0.56468558,0.021521145
44248,36047035500,0.36082879,0.009294115
44249,36047035601,0.6125043,0.027773103
44250,36047035602,0.58670378,0.020031424
44251,36047035700,0.32889748,0.013287627
44252,36047035900,0.35265884,0.010735872
44253,36047036001,0.54185665,0.021644929
44254,36047036002,0.54481202,0.020451641
44255,36047036100,0.33726189,0.013644631
44256,36047036200,0.43596146,0.016542237
44257,36047036300,0.33820581,0.011572306
44258,36047036400,0.47421858,0.0223723
44259,36047036501,0.36812106,0.016573628
44260,36047036502,0.36909726,0.032006104
44261,36047036600,0.51788437,0.017645439
44262,36047036700,0.3905322,0.02641727
44263,36047036900,0.35453707,0.011903018
44264,36047037000,0.57882142,0.023970736
44265,36047037100,0.33481306,0.013432344
44266,36047037300,0.34208781,0.013482786
44267,36047037401,0.59191781,0.020526063
44268,36047037402,0.56244224,0.018525794
44269,36047037500,0.3342613,0.014567142
44270,36047037700,0.31878594,0.012888111
44271,36047037900,0.32600498,0.013674657
44272,36047038100,0.32456222,0.0105664
44273,36047038200,0.40772903,0.010638052
44274,36047038300,0.35863227,0.015335654
44275,36047038500,0.31359246,0.012527113
44276,36047038600,0.5635727,0.026380766
44277,36047038700,0.3155494,0.012409279
44278,36047038800,0.58040667,0.025176443
44279,36047038900,0.3552523,0.017066335
44280,36047039000,0.61733145,0.034778651
44281,36047039100,0.35674009,0.022366347
44282,36047039200,0.58723146,0.026871448
44283,36047039300,0.42904031,0.017341863
44284,36047039400,0.55139202,0.028122313
44285,36047039500,0.37807217,0.015037887
44286,36047039600,0.54286426,0.040620599
44287,36047039700,0.3642239,0.013901721
44288,36047039800,0.57644618,0.028513445
44289,36047039900,0.35728708,0.013559405
44290,36047040000,0.47466862,0.027866472
44291,36047040100,0.37077719,0.014795698
44292,36047040200,0.47489533,0.031403802
44293,36047040300,0.34627438,0.014867384
44294,36047040400,0.53295326,0.0295143
44295,36047040500,0.35118324,0.021525599
44296,36047040600,0.58568239,0.027626615
44298,36047040800,0.54081082,0.023661772
44299,36047040900,0.3807756,0.013916855
44300,36047041000,0.61044484,0.043638598
44301,36047041100,0.33991212,0.01473072
44302,36047041200,0.58958566,0.025336474
44303,36047041300,0.35789701,0.014409485
44304,36047041401,0.5292446,0.049643118
44305,36047041402,0.54811221,0.034897532
44306,36047041500,0.3865554,0.015134143
44307,36047041600,0.44347644,0.025178356
44308,36047041700,0.36866319,0.012930395
44309,36047041800,0.50852364,0.028813897
44310,36047041900,0.39191869,0.013404503
44311,36047042000,0.4436188,0.030443406
44312,36047042100,0.35946387,0.013690255
44313,36047042200,0.48283949,0.023518188
44314,36047042300,0.40105459,0.016154993
44315,36047042400,0.53671134,0.022139229
44316,36047042500,0.39116424,0.017381867
44317,36047042600,0.59495193,0.020011039
44318,36047042700,0.37594026,0.012093572
44319,36047042800,0.5479359,0.022718824
44320,36047042900,0.39365101,0.01153721
44321,36047043000,0.54642469,0.019938271
44322,36047043100,0.36886266,0.010118818
44323,36047043200,0.5713712,0.01864776
44324,36047043300,0.38391185,0.013068914
44325,36047043400,0.56441933,0.021770956
44326,36047043500,0.3799302,0.012722708
44327,36047043600,0.56882828,0.019718515
44328,36047043700,0.39693293,0.011852669
44329,36047043800,0.54288995,0.025378123
44330,36047043900,0.42085463,0.012947817
44331,36047044000,0.54421669,0.032084946
44332,36047044100,0.43541816,0.012775765
44333,36047044200,0.50366598,0.027561236
44334,36047044300,0.44091898,0.013596292
44335,36047044400,0.51896542,0.026122902
44336,36047044500,0.43137488,0.015413079
44337,36047044600,0.59372032,0.03412443
44338,36047044700,0.42610914,0.02136896
44339,36047044800,0.54597443,0.035226744
44340,36047044900,0.34609529,0.014721067
44341,36047045000,0.58370781,0.070244603
44342,36047045200,0.53359163,0.034996442
44343,36047045300,0.35803697,0.019765323
44344,36047045400,0.50759578,0.035430096
44345,36047045600,0.51476645,0.029746028
44346,36047045800,0.57556313,0.055063035
44347,36047046000,0.52063346,0.020431736
44348,36047046201,0.48793784,0.028851176
44349,36047046202,0.53435266,0.046405919
44350,36047046400,0.51024008,0.024520198
44351,36047046800,0.52499181,0.046553995
44352,36047047000,0.48159027,0.025918974
44353,36047047200,0.40295479,0.020466516
44354,36047047400,0.39520475,0.024631023
44355,36047047600,0.40467483,0.018347269
44356,36047047700,0.44410357,0.02719751
44357,36047047800,0.42784908,0.016426964
44358,36047048000,0.45409483,0.019335099
44359,36047048100,0.46819502,0.023147902
44360,36047048200,0.49632704,0.015475826
44361,36047048400,0.4570989,0.014503463
44362,36047048500,0.42530075,0.025366703
44363,36047048600,0.49659783,0.018788416
44364,36047048800,0.49987721,0.018759951
44365,36047048900,0.35324094,0.012623885
44366,36047049000,0.51649588,0.014151688
44367,36047049100,0.46600896,0.013934164
44368,36047049200,0.46816799,0.01816377
44369,36047049300,0.40641323,0.01009911
44370,36047049400,0.47864079,0.015285117
44371,36047049500,0.45908916,0.022243457
44372,36047049600,0.53201836,0.018584922
44373,36047049700,0.58615941,0.039718952
44374,36047049800,0.47968453,0.022306805
44375,36047049900,0.43593448,0.027504366
44376,36047050000,0.4575333,0.022192948
44377,36047050100,0.49901986,0.032236286
44378,36047050202,0.44287485,0.045414381
44379,36047050300,0.45222276,0.021716449
44380,36047050400,0.45118189,0.017397851
44381,36047050500,0.44193882,0.014372082
44382,36047050600,0.38575196,0.010161354
44383,36047050700,0.41761538,0.0311956
44384,36047050801,0.39031464,0.010615873
44385,36047050803,0.35486457,0.013026976
44386,36047050804,0.39096454,0.0098546753
44387,36047050900,0.39542383,0.024816874
44388,36047051001,0.37841451,0.011155803
44389,36047051002,0.36586598,0.0094673401
44390,36047051100,0.44162908,0.015059875
44391,36047051200,0.37441725,0.0087395972
44392,36047051300,0.40175971,0.012864827
44393,36047051400,0.41876772,0.0094891107
44394,36047051500,0.42891192,0.037090667
44395,36047051601,0.38560799,0.0091895731
44396,36047051602,0.39109942,0.011651635
44397,36047051700,0.42623022,0.040233038
44398,36047051800,0.43345341,0.014842556
44399,36047051900,0.42968911,0.021203781
44400,36047052000,0.4555105,0.014700595
44401,36047052300,0.39720404,0.010888967
44402,36047052500,0.39372423,0.014109491
44403,36047052600,0.45427436,0.015957514
44404,36047052700,0.41251332,0.00911038
44405,36047052800,0.43021306,0.033906799
44406,36047052900,0.38121229,0.014629563
44407,36047053000,0.52182913,0.020565091
44408,36047053100,0.37145245,0.019263569
44409,36047053200,0.49945647,0.028759865
44410,36047053300,0.34388614,0.011140719
44411,36047053400,0.48655552,0.01661149
44412,36047053500,0.35394686,0.012422712
44413,36047053700,0.36214969,0.025271254
44414,36047053800,0.54523534,0.018093118
44416,36047054200,0.52999234,0.023811223
44418,36047054400,0.55190074,0.02433507
44420,36047054600,0.56874388,0.01868096
44421,36047054700,0.36938673,0.017961688
44422,36047054800,0.63283622,0.035770308
44423,36047054900,0.43562967,0.029469153
44424,36047055000,0.62812412,0.021215811
44425,36047055100,0.39427215,0.01592662
44426,36047055200,0.57231253,0.02044614
44427,36047055300,0.4656449,0.028715279
44428,36047055400,0.53921336,0.017997531
44430,36047055600,0.57816219,0.022654513
44432,36047055800,0.56625986,0.027676146
44433,36047056000,0.58428061,0.022316689
44434,36047056100,0.51561296,0.018843343
44435,36047056200,0.60690421,0.034005843
44436,36047056300,0.47437385,0.016665807
44437,36047056400,0.63602525,0.034810174
44438,36047056500,0.45470035,0.019926053
44439,36047056600,0.50103939,0.029259413
44440,36047056800,0.58220917,0.065742843
44441,36047056900,0.52451825,0.027751051
44442,36047057000,0.56956184,0.029742289
44443,36047057100,0.47410303,0.015405048
44444,36047057200,0.38992688,0.01138208
44445,36047057300,0.48494747,0.022063134
44446,36047057400,0.60525,0.030287862
44447,36047057500,0.49986783,0.015160692
44448,36047057600,0.64750165,0.028242728
44449,36047057800,0.53209782,0.021652503
44450,36047057900,0.50109828,0.029137626
44451,36047058000,0.54823577,0.022442706
44452,36047058200,0.51476616,0.02318592
44453,36047058400,0.57781744,0.021251895
44454,36047058600,0.56446373,0.025706777
44455,36047058800,0.58659226,0.022866696
44456,36047058900,0.53831202,0.0276979
44457,36047059000,0.52384531,0.030024191
44458,36047059100,0.52877033,0.017284641
44459,36047059200,0.56609273,0.021940213
44460,36047059300,0.51740193,0.021435928
44461,36047059401,0.58465695,0.016095344
44462,36047059402,0.57785136,0.026066264
44463,36047059600,0.56815785,0.032960657
44464,36047059800,0.52914172,0.025974415
44465,36047060000,0.58052438,0.018679382
44466,36047060600,0.57765388,0.024979219
44467,36047060800,0.5569815,0.022304332
44468,36047061002,0.51774216,0.027631003
44469,36047061003,0.50557286,0.028587919
44470,36047061004,0.53966403,0.015447934
44471,36047061200,0.62017655,0.062532686
44472,36047061600,0.54002166,0.05827973
44473,36047062000,0.60613346,0.052883055
44474,36047062200,0.53968304,0.024886267
44475,36047062600,0.52601343,0.030572526
44476,36047062800,0.51187557,0.027734973
44477,36047063200,0.56821358,0.061154656
44478,36047063600,0.56039625,0.056615334
44479,36047063800,0.60730129,0.054571535
44480,36047064000,0.4361352,0.056973316
44481,36047064200,0.56811345,0.031647708
44482,36047064400,0.62607139,0.039229274
44483,36047064600,0.49466854,0.043073032
44484,36047064800,0.46549115,0.040584706
44485,36047065000,0.53059244,0.041026138
44486,36047065200,0.51365048,0.057707459
44487,36047065400,0.6287486,0.048938449
44488,36047065600,0.52109021,0.046332028
44489,36047065800,0.46413302,0.04591452
44490,36047066000,0.64591146,0.055322099
44491,36047066200,0.56608331,0.052957762
44492,36047067000,0.52109039,0.032628339
44493,36047067200,0.40205371,0.031727996
44494,36047067400,0.4324747,0.026644219
44495,36047067600,0.41181928,0.031988502
44496,36047067800,0.43750557,0.028322566
44497,36047068000,0.4625259,0.031547952
44498,36047068200,0.45055181,0.030588653
44499,36047068600,0.589342,0.047284219
44500,36047068800,0.46483001,0.039201487
44501,36047069000,0.423327,0.033421364
44502,36047069200,0.46519443,0.032583799
44503,36047069601,0.48574618,0.031627387
44504,36047069602,0.56216633,0.029496495
44505,36047069800,0.5399965,0.059012618
44506,36047070000,0.56135011,0.042496491
44507,36047070201,0.62350321,0.026378876
44509,36047070600,0.58356339,0.043639187
44510,36047072000,0.46332023,0.03079919
44511,36047072200,0.42476195,0.024169328
44512,36047072400,0.42367145,0.026777336
44513,36047072600,0.41445324,0.022531964
44514,36047072800,0.41451734,0.021142146
44515,36047073000,0.42701018,0.026421933
44516,36047073200,0.39478031,0.024500726
44517,36047073400,0.40599105,0.020838853
44518,36047073600,0.40728074,0.017418668
44519,36047073800,0.43340343,0.018286752
44520,36047074000,0.39341447,0.014989059
44521,36047074200,0.47563234,0.01998925
44522,36047074400,0.54642779,0.038676444
44523,36047074600,0.51696211,0.032063242
44524,36047074800,0.49608263,0.035005897
44525,36047075000,0.4829036,0.029367941
44526,36047075200,0.55887014,0.056519449
44527,36047075400,0.62741822,0.050229501
44528,36047075600,0.54856873,0.040614057
44529,36047075800,0.61605644,0.04013288
44530,36047076000,0.55989861,0.026323099
44531,36047076200,0.47645152,0.016901996
44532,36047076400,0.41276783,0.013802916
44533,36047076600,0.4068065,0.016001826
44534,36047076800,0.53383517,0.024842568
44535,36047077000,0.40092796,0.014959097
44536,36047077200,0.42317289,0.016462253
44537,36047077400,0.41963735,0.017338103
44538,36047077600,0.43524835,0.01813015
44539,36047078000,0.42345351,0.020188635
44540,36047078200,0.3606562,0.010899791
44541,36047078400,0.43822929,0.019525357
44542,36047078600,0.39429304,0.012447956
44543,36047078800,0.38890886,0.011114941
44544,36047079000,0.39083165,0.0097556077
44545,36047079200,0.35969314,0.011783516
44546,36047079400,0.37134808,0.020200908
44547,36047079601,0.38719347,0.010484609
44548,36047079602,0.37968987,0.0098345224
44549,36047079801,0.37197945,0.013847811
44550,36047079802,0.36955121,0.0087124333
44551,36047080000,0.38089371,0.014765764
44552,36047080200,0.36794579,0.011144422
44553,36047080400,0.39957345,0.013151304
44554,36047080600,0.39869043,0.014846403
44555,36047080800,0.69717151,0.12447377
44556,36047081000,0.4086915,0.019401228
44557,36047081400,0.39176127,0.015679678
44558,36047081600,0.38167509,0.014526178
44559,36047081800,0.36834344,0.010388474
44560,36047082000,0.38800085,0.0094104158
44561,36047082200,0.38707238,0.0082149021
44562,36047082400,0.37605917,0.01066735
44563,36047082600,0.40032896,0.0096767964
44564,36047082800,0.40627673,0.011222756
44565,36047083000,0.37571689,0.010768418
44566,36047083200,0.42500195,0.017820576
44567,36047083400,0.38380358,0.021755377
44568,36047083600,0.37774634,0.020864058
44569,36047083800,0.39352453,0.019610224
44570,36047084000,0.37744629,0.017464088
44571,36047084600,0.37573355,0.020546392
44572,36047084800,0.43063158,0.022378288
44573,36047085000,0.40450504,0.026316807
44575,36047085400,0.39078337,0.020755561
44576,36047085600,0.41426301,0.013031099
44577,36047085800,0.38333026,0.016375981
44578,36047086000,0.38461995,0.012387352
44579,36047086200,0.38605812,0.013558973
44580,36047086400,0.37255642,0.019994119
44581,36047086600,0.41051832,0.014553238
44582,36047086800,0.40022832,0.013165992
44583,36047087000,0.40564141,0.014567626
44584,36047087200,0.39929289,0.015503922
44585,36047087401,0.40675017,0.014367137
44586,36047087600,0.35964856,0.02268919
44587,36047087800,0.40363362,0.01501483
44588,36047088000,0.36973536,0.01781079
44589,36047088200,0.37072906,0.0094579961
44590,36047088400,0.37725437,0.010301183
44591,36047088600,0.38970363,0.01080799
44592,36047088800,0.38072416,0.012679932
44593,36047089000,0.3682059,0.0089772483
44594,36047089200,0.34285441,0.010946465
44595,36047089400,0.37733361,0.015471063
44596,36047089600,0.37220231,0.01402816
44597,36047089800,0.37791711,0.025648497
44598,36047090000,0.34297252,0.009689304
44599,36047090200,0.36310706,0.014438249
44600,36047090600,0.31081173,0.011538951
44601,36047090800,0.29436079,0.011340683
44602,36047091000,0.32567549,0.0093804048
44603,36047091200,0.32660007,0.0078797163
44604,36047091600,0.35113567,0.011158984
44605,36047091800,0.36143318,0.013795379
44606,36047092000,0.3659142,0.015389441
44607,36047092200,0.39350364,0.019763805
44608,36047092400,0.33408281,0.014052327
44609,36047092800,0.39594248,0.018684164
44610,36047093000,0.41464359,0.018911999
44611,36047093200,0.4674255,0.032185785
44612,36047093400,0.38195485,0.021794355
44613,36047093600,0.3856903,0.021243546
44614,36047093800,0.39415652,0.016522959
44615,36047094401,0.37941435,0.018446568
44616,36047094402,0.35390896,0.014902012
44617,36047094600,0.36282668,0.021408632
44618,36047095000,0.37819704,0.018893488
44619,36047095400,0.45364508,0.017642699
44620,36047095600,0.43102953,0.019382343
44621,36047095800,0.42237636,0.019042861
44623,36047096200,0.42855027,0.029147267
44624,36047096400,0.45658952,0.025888309
44625,36047096600,0.40935302,0.025739349
44626,36047096800,0.42061087,0.026475677
44627,36047097000,0.38868326,0.02195392
44628,36047097400,0.36393347,0.024296196
44629,36047098200,0.31747738,0.0098975021
44630,36047098400,0.44388184,0.033470612
44631,36047098600,0.37439752,0.019908825
44632,36047098800,0.42129835,0.019992433
44633,36047099000,0.49941987,0.030066974
44634,36047099200,0.42686495,0.027478172
44635,36047099400,0.43086654,0.033203542
44636,36047099600,0.4530403,0.022639781
44637,36047099800,0.39475924,0.020203769
44638,36047100400,0.39715123,0.02571875
44639,36047100600,0.43004805,0.02699016
44640,36047100800,0.39365152,0.02835953
44641,36047101000,0.45295039,0.027572079
44642,36047101200,0.45063487,0.027523732
44643,36047101400,0.43807036,0.034890857
44644,36047101600,0.32606474,0.041129198
44645,36047101800,0.42959028,0.031468686
44646,36047102000,0.45782784,0.033839304
44647,36047102200,0.45863444,0.032399796
44648,36047102400,0.41741559,0.031277042
44649,36047102600,0.44197118,0.025946269
44650,36047102800,0.39871815,0.037222184
44651,36047103400,0.37092504,0.013527079
44652,36047105801,0.45161182,0.010444825
44653,36047105804,0.42753014,0.011375376
44654,36047107800,0.3595832,0.014913452
44655,36047109800,0.40084374,0.026403788
44656,36047110400,0.33824062,0.011096322
44657,36047110600,0.34554771,0.010768886
44658,36047111000,0.34969577,0.012661245
44659,36047111600,0.35925871,0.018505652
44660,36047111800,0.35346618,0.016888121
44661,36047112000,0.3967838,0.015624797
44662,36047112200,0.38133091,0.015045797
44663,36047112400,0.35496575,0.01548251
44664,36047112600,0.34583193,0.012950647
44665,36047112800,0.34508696,0.011923162
44666,36047113000,0.36413872,0.012722198
44667,36047113200,0.37653524,0.023170335
44668,36047113400,0.32109228,0.014458091
44669,36047114201,0.43778107,0.02543864
44670,36047114202,0.37044826,0.016575728
44671,36047114400,0.37574965,0.016906466
44672,36047114600,0.39528981,0.015750991
44673,36047115000,0.37693807,0.018324317
44674,36047115200,0.3691102,0.016456334
44675,36047115600,0.30864885,0.010756374
44676,36047115800,0.39196768,0.016473956
44677,36047116000,0.34891072,0.016103223
44678,36047116200,0.37104169,0.018806852
44679,36047116400,0.37824118,0.017124552
44680,36047116600,0.36545879,0.016416021
44681,36047116800,0.41986656,0.01986005
44682,36047117000,0.39310366,0.01805044
44683,36047117201,0.43397471,0.016974825
44684,36047117202,0.4129653,0.01474471
44685,36047117400,0.40934393,0.012711786
44686,36047117601,0.43430093,0.016130077
44687,36047117602,0.42900896,0.015526581
44688,36047117800,0.43318808,0.021681646
44689,36047118201,0.42750373,0.015792683
44690,36047118202,0.43346471,0.015316767
44691,36047118400,0.41850001,0.012276395
44692,36047118600,0.45109564,0.016811194
44693,36047118800,0.44747293,0.013881728
44694,36047119000,0.43280506,0.019737775
44695,36047119200,0.39598143,0.018982492
44696,36047119400,0.3919495,0.014885553
44697,36047119600,0.40600035,0.012194364
44698,36047119800,0.39767382,0.01492091
44699,36047120000,0.38906866,0.019305663
44700,36047120200,0.43058804,0.023998251
44701,36047120800,0.36853531,0.009008795
44702,36047121000,0.31243286,0.010096749
44703,36047121400,0.33739966,0.0098378658
44704,36047122000,0.33707598,0.013210098
44705,36047123700,0.38040704,0.020843096
44706,36047150200,0.46408093,0.041577909
44707,36047152200,0.43258274,0.024377575
45230,36061000201,0.45959726,0.014133255
45231,36061000202,0.44998097,0.013174027
45233,36061000600,0.51175165,0.0072241132
45234,36061000700,0.31081533,0.043841381
45235,36061000800,0.55456293,0.0073684701
45236,36061000900,0.41197556,0.058078513
45237,36061001001,0.38564277,0.070662364
45238,36061001002,0.42254013,0.01133641
45239,36061001200,0.47303724,0.025577733
45240,36061001300,0.31794974,0.032399006
45241,36061001401,0.42435712,0.043031558
45242,36061001402,0.48113281,0.017109055
45243,36061001501,0.50986737,0.036874775
45244,36061001502,0.42068836,0.046868578
45245,36061001600,0.54641491,0.008266882
45246,36061001800,0.5324198,0.0074834172
45247,36061002000,0.39503151,0.012303794
45248,36061002100,0.49105409,0.053442676
45249,36061002201,0.46520367,0.011896418
45250,36061002202,0.35053074,0.03390985
45251,36061002400,0.39494997,0.013394567
45252,36061002500,0.46898568,0.013310805
45253,36061002601,0.42513579,0.017345993
45254,36061002602,0.44623902,0.027634984
45255,36061002700,0.55933893,0.03009548
45256,36061002800,0.44346875,0.013446345
45257,36061002900,0.55965781,0.012901425
45258,36061003001,0.46117109,0.013853174
45259,36061003002,0.47481,0.028516404
45260,36061003100,0.54747522,0.051689759
45261,36061003200,0.50883126,0.024316877
45262,36061003300,0.48841923,0.047514454
45263,36061003400,0.39857364,0.020686908
45264,36061003601,0.4682661,0.014799939
45265,36061003602,0.44841576,0.036507986
45266,36061003700,0.53733987,0.067205422
45267,36061003800,0.46310079,0.019530619
45268,36061003900,0.50698322,0.030725138
45269,36061004000,0.47154939,0.02804891
45270,36061004100,0.55636472,0.010625556
45271,36061004200,0.37231329,0.04160966
45272,36061004300,0.54942483,0.017251566
45273,36061004400,0.51050019,0.024295473
45274,36061004500,0.47702727,0.055117372
45275,36061004700,0.48338258,0.050420217
45276,36061004800,0.52006525,0.035331469
45277,36061004900,0.48981684,0.046726875
45278,36061005000,0.3676815,0.047748905
45279,36061005200,0.63628477,0.069571823
45280,36061005400,0.49523529,0.055863336
45281,36061005501,0.44092605,0.062565379
45282,36061005502,0.42958483,0.05484128
45283,36061005600,0.4351244,0.044536348
45284,36061005700,0.52572405,0.06499128
45285,36061005800,0.42967597,0.044794891
45286,36061005900,0.49742866,0.058891326
45287,36061006000,0.64433831,0.073523335
45288,36061006100,0.41635638,0.052490383
45289,36061006200,0.46635479,0.036968559
45290,36061006300,0.46671382,0.049947884
45291,36061006400,0.50918317,0.037096627
45292,36061006500,0.50596398,0.040847436
45293,36061006600,0.41570851,0.014840309
45294,36061006700,0.38273615,0.042092085
45295,36061006800,0.48426285,0.039316528
45296,36061006900,0.52118582,0.059212532
45297,36061007000,0.49629745,0.033122145
45298,36061007100,0.4383198,0.048379045
45299,36061007200,0.53179646,0.03445898
45300,36061007300,0.40516368,0.041963127
45301,36061007400,0.53214812,0.036316495
45302,36061007500,0.46303055,0.063728698
45303,36061007600,0.42530894,0.019619133
45304,36061007700,0.44867295,0.04736454
45305,36061007800,0.47964069,0.031223744
45306,36061007900,0.43818915,0.048841067
45307,36061008000,0.43999174,0.032552671
45308,36061008100,0.42309883,0.02859197
45309,36061008200,0.49885181,0.029737344
45310,36061008300,0.38038516,0.020609567
45311,36061008400,0.47615835,0.041527506
45312,36061008601,0.52931684,0.06602551
45314,36061008603,0.33849838,0.055009399
45315,36061008700,0.50139457,0.032615151
45316,36061008800,0.44168156,0.033755634
45317,36061008900,0.46667594,0.025120307
45318,36061009000,0.45245841,0.035119839
45319,36061009100,0.50022739,0.037050493
45320,36061009200,0.3381407,0.025230376
45321,36061009300,0.42933974,0.019011399
45322,36061009400,0.29611179,0.03724049
45323,36061009500,0.37919253,0.039050721
45324,36061009600,0.42084163,0.029892167
45325,36061009700,0.46781966,0.024147648
45326,36061009800,0.48756251,0.041334789
45327,36061009900,0.3243739,0.037802968
45328,36061010000,0.33501256,0.03073944
45329,36061010100,0.2621049,0.040828958
45330,36061010200,0.038465377,0.029531369
45331,36061010300,0.40349591,0.042452961
45332,36061010400,0.20514148,0.057347745
45333,36061010601,0.53213149,0.054070666
45334,36061010602,0.43390468,0.063610367
45335,36061010800,0.51134622,0.034919571
45336,36061010900,0.44437152,0.048577726
45337,36061011000,0.53442937,0.050181337
45338,36061011100,0.50075698,0.028502122
45339,36061011201,0.38029364,0.055516146
45340,36061011202,0.40672985,0.062407393
45341,36061011203,0.37406036,0.044962633
45342,36061011300,0.40309221,0.045197099
45343,36061011401,0.30948275,0.073015064
45344,36061011402,0.57228595,0.074548565
45345,36061011500,0.42933035,0.035650849
45346,36061011600,0.40473622,0.058237579
45347,36061011700,0.54494601,0.049967278
45348,36061011800,0.53448421,0.042848144
45349,36061011900,0.31042483,0.029133927
45350,36061012000,0.40887061,0.081953488
45351,36061012100,0.44918004,0.021192787
45352,36061012200,0.52349049,0.065700151
45353,36061012400,0.45889395,0.028533127
45354,36061012500,0.35749865,0.030910043
45355,36061012600,0.45945591,0.029630214
45356,36061012700,0.45673224,0.018213367
45357,36061012800,0.44692802,0.05255549
45358,36061012900,0.40398768,0.023627667
45359,36061013000,0.42637905,0.068837039
45360,36061013100,0.48397186,0.039146975
45361,36061013200,0.44926038,0.033251364
45362,36061013300,0.46114692,0.024128629
45363,36061013400,0.36547935,0.031020267
45364,36061013500,0.42439741,0.018305039
45365,36061013600,0.50818771,0.029554049
45366,36061013700,0.42516187,0.026850361
45367,36061013800,0.4785434,0.028082903
45368,36061013900,0.47072965,0.02389808
45369,36061014000,0.48391953,0.036016993
45370,36061014200,0.41526571,0.055545885
45371,36061014300,0.75567675,0.19839305
45372,36061014401,0.54492551,0.050392706
45373,36061014402,0.4997814,0.04382417
45374,36061014500,0.41630057,0.041483436
45375,36061014601,0.52307737,0.048309162
45376,36061014602,0.42760825,0.034799755
45377,36061014700,0.50967151,0.13093354
45378,36061014801,0.41796127,0.070434429
45379,36061014802,0.51835304,0.047131121
45380,36061014900,0.40740341,0.043386046
45381,36061015001,0.46653584,0.090691254
45382,36061015002,0.55085164,0.073317841
45383,36061015100,0.39465907,0.014870896
45384,36061015200,0.36793515,0.015919449
45385,36061015300,0.52511889,0.038878232
45386,36061015400,0.47911042,0.020625141
45387,36061015500,0.50235265,0.043467388
45388,36061015601,0.41934431,0.025313839
45389,36061015602,0.36173847,0.024405435
45390,36061015700,0.45620796,0.035721213
45391,36061015801,0.4184376,0.043287817
45392,36061015802,0.38757342,0.026776453
45393,36061015900,0.48572752,0.038164135
45394,36061016001,0.52817774,0.066947073
45395,36061016002,0.43324816,0.031066421
45396,36061016100,0.44435963,0.046751093
45397,36061016200,0.36107567,0.0089079514
45398,36061016300,0.54064888,0.038881697
45399,36061016400,0.37340084,0.011263338
45400,36061016500,0.40800843,0.032251477
45401,36061016600,0.36236274,0.012195777
45402,36061016700,0.42686856,0.035311062
45403,36061016800,0.38459253,0.014837117
45404,36061016900,0.41829291,0.023901399
45405,36061017000,0.40953565,0.012886618
45406,36061017100,0.39651379,0.026931668
45407,36061017200,0.36189827,0.012462454
45408,36061017300,0.41687101,0.021522505
45409,36061017401,0.3616558,0.012852205
45410,36061017402,0.32812378,0.014894573
45411,36061017500,0.43476072,0.02496502
45412,36061017700,0.37321571,0.013865082
45413,36061017800,0.35916141,0.014475913
45414,36061017900,0.36829478,0.021630516
45415,36061018000,0.35078532,0.010533134
45416,36061018100,0.42899433,0.020432875
45417,36061018200,0.35771832,0.010672525
45418,36061018300,0.41686887,0.020519959
45419,36061018400,0.34485096,0.011724627
45420,36061018500,0.33076912,0.03347148
45421,36061018600,0.3320221,0.01030975
45422,36061018700,0.42383638,0.019164678
45423,36061018800,0.35100856,0.013972691
45424,36061018900,0.38691708,0.0089181978
45425,36061019000,0.32427275,0.01902871
45426,36061019100,0.41266242,0.018986639
45427,36061019200,0.36860436,0.014522297
45428,36061019300,0.39297721,0.010577623
45429,36061019400,0.33345824,0.0093372604
45430,36061019500,0.43398407,0.017306443
45431,36061019600,0.33114731,0.01226899
45433,36061019702,0.39769772,0.024751056
45434,36061019800,0.34120882,0.032303706
45435,36061019900,0.43315652,0.028582631
45436,36061020000,0.32122949,0.02049738
45437,36061020101,0.52402538,0.13950619
45438,36061020102,0.32200697,0.012964382
45439,36061020300,0.50403142,0.055436652
45440,36061020500,0.36767873,0.053234931
45441,36061020600,0.32624978,0.015601742
45442,36061020701,0.41126454,0.060379267
45443,36061020800,0.31555018,0.012532885
45444,36061020901,0.36717296,0.014750065
45445,36061021000,0.33600444,0.010484559
45446,36061021100,0.39557943,0.011848389
45447,36061021200,0.32030568,0.016725862
45448,36061021303,0.35737562,0.012257822
45449,36061021400,0.30171877,0.01527759
45450,36061021500,0.31607121,0.016726648
45451,36061021600,0.33621141,0.0093574291
45452,36061021800,0.3225584,0.011311896
45453,36061021900,0.36918345,0.010153743
45454,36061022000,0.32408908,0.012303072
45455,36061022102,0.33457687,0.02179007
45456,36061022200,0.34669721,0.021496991
45457,36061022301,0.39885619,0.0081644021
45458,36061022302,0.38157532,0.013761569
45459,36061022400,0.33328938,0.0096484758
45460,36061022500,0.39700904,0.0078771012
45461,36061022600,0.30184138,0.014003371
45462,36061022700,0.36429325,0.014362057
45463,36061022800,0.33551207,0.013629822
45464,36061022900,0.38843778,0.0085679451
45465,36061023000,0.33161655,0.0095085148
45466,36061023100,0.33755744,0.010589871
45467,36061023200,0.32942826,0.0084610134
45468,36061023300,0.37659469,0.010293458
45469,36061023400,0.332941,0.013119922
45470,36061023501,0.35253036,0.011881456
45471,36061023502,0.31354287,0.018358003
45472,36061023600,0.33723584,0.012004041
45473,36061023700,0.38022009,0.010645278
45474,36061023801,0.45752743,0.018604547
45475,36061023802,0.5339511,0.10843894
45476,36061023900,0.34739819,0.017640773
45478,36061024100,0.38657513,0.009436735
45479,36061024200,0.33110219,0.011956057
45480,36061024301,0.35324186,0.013071759
45481,36061024302,0.3159332,0.0097987028
45482,36061024500,0.4026328,0.0062450403
45483,36061024700,0.40460485,0.0092551196
45484,36061024900,0.37365848,0.020885816
45485,36061025100,0.42128894,0.014347981
45486,36061025300,0.42194751,0.0068225428
45487,36061025500,0.4712601,0.01319468
45488,36061025700,0.32645372,0.015170902
45489,36061025900,0.34952649,0.019419679
45490,36061026100,0.41242883,0.0067162816
45491,36061026300,0.41217294,0.0079642516
45492,36061026500,0.43142575,0.01002061
45493,36061026700,0.42807242,0.020863667
45494,36061026900,0.40513948,0.0077901841
45495,36061027100,0.42414254,0.0091842897
45496,36061027300,0.472027,0.019610986
45497,36061027500,0.42561212,0.03862777
45498,36061027700,0.41524991,0.0086751869
45499,36061027900,0.40790996,0.0075398115
45500,36061028100,0.56134474,0.044204537
45501,36061028300,0.4409309,0.010601907
45502,36061028500,0.39651525,0.0083502792
45503,36061028700,0.44284871,0.014429677
45504,36061029100,0.40574095,0.00678446
45505,36061029300,0.40340751,0.007833505
45506,36061029500,0.41661876,0.011895415
45507,36061029900,0.40232271,0.013325226
45508,36061030300,0.43522495,0.015306576
45509,36061030700,0.46112078,0.028705178
45510,36061030900,0.41417179,0.011319267
45512,36061031703,0.51695538,0.041087605
45513,36061031704,0.46878812,0.039534621
45967,36081000100,0.36349562,0.050631877
45968,36081000200,0.48387101,0.022159256
45969,36081000400,0.49619892,0.015432206
45970,36081000600,0.46978816,0.017389616
45971,36081000700,0.49105775,0.02461271
45972,36081000800,0.51687992,0.02099447
45973,36081001000,0.50477481,0.019556584
45974,36081001200,0.53625309,0.020234844
45975,36081001400,0.48094356,0.022767793
45976,36081001600,0.5105533,0.022349719
45977,36081001800,0.43063393,0.020266976
45978,36081001900,0.40133137,0.047849536
45979,36081002000,0.43068412,0.036539949
45980,36081002200,0.46578175,0.024173673
45981,36081002400,0.49574357,0.023136809
45982,36081002500,0.33663636,0.0079868594
45983,36081002600,0.48494369,0.025654802
45984,36081002800,0.48401055,0.019856775
45985,36081003000,0.47403798,0.041365817
45986,36081003100,0.568878,0.030027
45987,36081003200,0.47889033,0.029133501
45988,36081003300,0.50403911,0.025032047
45989,36081003400,0.47826418,0.020287788
45990,36081003600,0.47677842,0.01900728
45991,36081003800,0.53611875,0.024424529
45992,36081003900,0.39767498,0.029054189
45993,36081004001,0.51872355,0.025909327
45994,36081004002,0.49228698,0.032362096
45995,36081004200,0.49862829,0.016797023
45996,36081004300,0.38986978,0.017933143
45997,36081004401,0.50130457,0.021744281
45998,36081004500,0.41925728,0.048622977
45999,36081004700,0.38376898,0.01572171
46001,36081005100,0.52928203,0.02389067
46002,36081005200,0.47542259,0.021198798
46003,36081005300,0.51466388,0.019017344
46004,36081005400,0.45647496,0.018885637
46005,36081005500,0.43160143,0.030625379
46006,36081005700,0.47272989,0.017421892
46007,36081005800,0.52279013,0.018556636
46008,36081005900,0.50318599,0.020547381
46009,36081006100,0.45339969,0.017218212
46010,36081006201,0.53764504,0.029876199
46011,36081006202,0.47243381,0.022878421
46012,36081006300,0.4639937,0.014865783
46013,36081006501,0.48513496,0.019937895
46014,36081006502,0.47901824,0.022021921
46015,36081006900,0.49486557,0.021234229
46016,36081007100,0.4741936,0.020777596
46017,36081007300,0.49600172,0.020550435
46018,36081007500,0.46466991,0.022676481
46019,36081007700,0.42144975,0.033900995
46020,36081007900,0.44018194,0.019756362
46021,36081008100,0.42766085,0.046625338
46022,36081008300,0.46460381,0.020881517
46023,36081008500,0.37376675,0.02884734
46024,36081008600,0.50411695,0.027178708
46025,36081008700,0.33589447,0.0096575879
46026,36081008800,0.53193599,0.030535901
46027,36081009100,0.44929942,0.026565418
46028,36081009400,0.48155287,0.019084664
46029,36081009500,0.51068664,0.02775226
46030,36081009600,0.50060534,0.018842824
46031,36081009700,0.50112814,0.025730977
46032,36081009800,0.48977396,0.018823935
46033,36081010000,0.46587914,0.01985975
46034,36081010100,0.55393583,0.02894518
46035,36081010200,0.46870998,0.023799594
46036,36081010300,0.50365585,0.021482082
46037,36081010400,0.48266459,0.018223144
46038,36081010500,0.49347115,0.015599044
46039,36081010600,0.49269232,0.016593361
46041,36081010800,0.4688766,0.019974301
46042,36081011000,0.49232361,0.0197841
46043,36081011100,0.5343138,0.027521735
46044,36081011200,0.50428158,0.026595032
46045,36081011300,0.51235056,0.017558377
46046,36081011400,0.46847185,0.030386407
46047,36081011500,0.50181234,0.026310466
46048,36081011600,0.46313378,0.023778016
46049,36081011700,0.51478481,0.022632832
46050,36081011800,0.48114586,0.021625629
46051,36081011900,0.43997586,0.028591681
46052,36081012000,0.49554315,0.023082672
46053,36081012100,0.55806559,0.027042598
46054,36081012200,0.480964,0.018492905
46055,36081012301,0.45212629,0.02867919
46056,36081012400,0.49021983,0.018361421
46057,36081012500,0.52336955,0.034333862
46058,36081012601,0.42084873,0.020480115
46059,36081012602,0.45905516,0.021623394
46060,36081012800,0.51792836,0.032153133
46061,36081013000,0.55625391,0.032144878
46062,36081013200,0.45700666,0.029791346
46063,36081013400,0.57047725,0.018362617
46064,36081013500,0.6124897,0.064706348
46065,36081013600,0.49094391,0.032540333
46066,36081013700,0.50982982,0.04299568
46067,36081013800,0.49634048,0.023037296
46068,36081014000,0.53175092,0.021719348
46069,36081014100,0.4864642,0.029350977
46070,36081014201,0.43697813,0.012971602
46071,36081014202,0.46310323,0.020379417
46072,36081014300,0.45328492,0.017652646
46073,36081014400,0.45827246,0.022970421
46074,36081014500,0.47392175,0.032403376
46075,36081014700,0.53598976,0.027198425
46076,36081014800,0.47208643,0.021873079
46077,36081014900,0.51941019,0.023794049
46078,36081015000,0.49746802,0.021276591
46079,36081015100,0.5493384,0.027691336
46080,36081015200,0.40127373,0.018410489
46081,36081015300,0.50193125,0.029709319
46082,36081015400,0.51657099,0.020328358
46083,36081015500,0.54087955,0.02746883
46084,36081015600,0.48816401,0.017648907
46085,36081015700,0.47176859,0.029480964
46086,36081015801,0.44347951,0.015559823
46087,36081015802,0.47461486,0.013393435
46088,36081015900,0.44163519,0.020430632
46089,36081016100,0.49954629,0.024483144
46090,36081016300,0.45388624,0.013646219
46091,36081016400,0.45573598,0.015698442
46092,36081016600,0.46349272,0.016513223
46093,36081016800,0.47040758,0.019602688
46094,36081016900,0.5004369,0.020775734
46095,36081017000,0.41296148,0.018797487
46097,36081017200,0.45025897,0.021930657
46098,36081017400,0.42926306,0.020442568
46099,36081017600,0.42215231,0.021032769
46100,36081017800,0.37331977,0.020882674
46101,36081017900,0.44731671,0.032156833
46102,36081018000,0.40980825,0.030510133
46103,36081018101,0.48624197,0.016406359
46104,36081018102,0.47776902,0.0212681
46105,36081018200,0.37762299,0.017673699
46106,36081018300,0.48295581,0.016036529
46107,36081018401,0.32275501,0.015354414
46108,36081018402,0.37736991,0.020993683
46109,36081018501,0.52872622,0.023197113
46110,36081018502,0.50505662,0.018589174
46111,36081018600,0.38754165,0.022583865
46112,36081018700,0.50982237,0.026156103
46113,36081018800,0.42807713,0.030517325
46114,36081018900,0.52504313,0.021404747
46115,36081019000,0.36261621,0.018775187
46116,36081019200,0.39801213,0.021227596
46117,36081019400,0.36879703,0.016181134
46118,36081019600,0.36603636,0.015409914
46119,36081019800,0.36834404,0.01574523
46120,36081019900,0.45314091,0.039404929
46121,36081020200,0.40973559,0.026284125
46122,36081020400,0.39951214,0.020741677
46123,36081020500,0.46204585,0.037398469
46124,36081020600,0.42502213,0.022325866
46125,36081020800,0.41207978,0.02104453
46126,36081021200,0.49928346,0.018819448
46127,36081021400,0.50840634,0.013909015
46128,36081021600,0.51786673,0.019775523
46130,36081022001,0.50207311,0.018486498
46131,36081022002,0.546821,0.018170996
46133,36081023000,0.5530948,0.02903454
46134,36081023200,0.50225037,0.017605802
46135,36081023500,0.45479062,0.010832736
46136,36081023600,0.46540245,0.019110598
46137,36081023800,0.41454789,0.01139914
46138,36081024000,0.43195856,0.012445651
46139,36081024300,0.5221408,0.019652952
46140,36081024500,0.53537047,0.022901196
46141,36081024700,0.5605793,0.034971811
46142,36081024900,0.50189042,0.019644728
46143,36081025100,0.47349852,0.01808173
46144,36081025301,0.535326,0.01813974
46145,36081025302,0.52718401,0.022410581
46146,36081025400,0.33585402,0.0089972699
46147,36081025500,0.53753221,0.032684304
46148,36081025700,0.58053547,0.035733584
46149,36081025800,0.33135054,0.016209528
46150,36081025900,0.48973417,0.020121682
46151,36081026000,0.33471584,0.017682772
46152,36081026100,0.50240028,0.012541342
46153,36081026200,0.31903002,0.022727747
46154,36081026300,0.45606178,0.015428506
46155,36081026400,0.3474043,0.019209748
46156,36081026500,0.511334,0.016720742
46157,36081026600,0.37104058,0.022644402
46158,36081026700,0.52640933,0.014460646
46159,36081026901,0.48868284,0.014514292
46160,36081026902,0.48671207,0.016015124
46161,36081027000,0.3787421,0.021801662
46162,36081027100,0.49049109,0.01107878
46163,36081027200,0.34634417,0.018955547
46164,36081027300,0.45719546,0.009974611
46165,36081027400,0.33649212,0.016889233
46166,36081027500,0.47502556,0.014198268
46167,36081027600,0.34269631,0.030500172
46168,36081027700,0.46477014,0.012022257
46169,36081027800,0.33910796,0.016693095
46170,36081027900,0.4647131,0.014218462
46171,36081028000,0.33640394,0.019998891
46172,36081028100,0.49793911,0.015548678
46173,36081028200,0.37853715,0.026807491
46174,36081028300,0.47359446,0.013355006
46175,36081028400,0.36238319,0.018910717
46176,36081028500,0.48793411,0.021014225
46177,36081028700,0.49412951,0.016178759
46178,36081028800,0.35897142,0.014596262
46179,36081028900,0.49097812,0.017152486
46180,36081029100,0.5127396,0.015694739
46181,36081029300,0.56362468,0.037970509
46182,36081029400,0.38499495,0.014161594
46183,36081029500,0.55537778,0.024104355
46184,36081029700,0.54694986,0.031759746
46185,36081030600,0.39035445,0.016449915
46186,36081030902,0.50174761,0.015712993
46187,36081030903,0.53021181,0.016941825
46188,36081030904,0.5053733,0.024542725
46189,36081031700,0.47583616,0.021245815
46190,36081032000,0.39033809,0.015767675
46191,36081032700,0.4675746,0.019972075
46192,36081032800,0.36747566,0.019472055
46193,36081032900,0.51013994,0.020243393
46194,36081033000,0.36834654,0.012258467
46195,36081033401,0.39557397,0.018891282
46196,36081033402,0.37077564,0.0093757128
46197,36081033700,0.50184637,0.02078717
46198,36081033900,0.45378882,0.02073917
46199,36081034700,0.43940216,0.019513329
46200,36081035100,0.46793881,0.020013547
46201,36081035200,0.37512296,0.020330358
46202,36081035300,0.41516751,0.018836079
46203,36081035700,0.41649851,0.018726502
46204,36081035800,0.38737473,0.014950577
46205,36081036100,0.42656913,0.022518151
46206,36081036300,0.39422342,0.0207885
46207,36081036500,0.40138882,0.01773593
46208,36081036600,0.36184716,0.020319983
46209,36081036700,0.37104833,0.020879369
46210,36081036800,0.38051006,0.019849608
46211,36081037100,0.42111227,0.032288726
46212,36081037300,0.37478727,0.022915112
46213,36081037500,0.43284875,0.015230454
46214,36081037600,0.36281857,0.01213935
46215,36081037700,0.44173938,0.01785283
46216,36081037900,0.38586524,0.013504263
46217,36081038100,0.39727867,0.013646168
46219,36081038302,0.62747735,0.064222172
46220,36081038400,0.40541697,0.019492488
46221,36081039400,0.36721164,0.017116519
46222,36081039800,0.38681096,0.024243865
46223,36081039900,0.46751371,0.018658157
46224,36081040000,0.36916462,0.028665435
46225,36081040100,0.41360313,0.011802488
46226,36081040200,0.38437372,0.029518008
46227,36081040300,0.43853313,0.013064265
46228,36081040400,0.37033314,0.015233851
46229,36081040500,0.40416387,0.015898092
46230,36081040700,0.43383822,0.010905765
46231,36081040900,0.44264451,0.014798013
46232,36081041100,0.47639754,0.017324107
46233,36081041300,0.49644387,0.0193407
46234,36081041400,0.36288816,0.013469507
46235,36081041500,0.47572181,0.017836487
46236,36081042400,0.36203131,0.025865272
46238,36081042700,0.48431742,0.017404551
46239,36081043200,0.39322236,0.034109905
46240,36081043400,0.34607807,0.023515906
46241,36081043701,0.43800968,0.021140818
46242,36081043702,0.46175176,0.013593863
46243,36081043900,0.46883434,0.017104011
46244,36081044000,0.34259614,0.013177212
46245,36081044301,0.43863913,0.017819792
46246,36081044302,0.47314787,0.014413917
46247,36081044400,0.41419545,0.019149939
46248,36081044601,0.4034372,0.018999189
46249,36081044602,0.4370096,0.013656513
46250,36081044800,0.5561713,0.023060521
46251,36081045000,0.50751805,0.028969858
46252,36081045200,0.48403969,0.040767673
46253,36081045400,0.49767074,0.017365133
46254,36081045500,0.4225502,0.008130691
46255,36081045600,0.50353092,0.03989616
46256,36081045700,0.53652734,0.021925975
46257,36081045800,0.48038357,0.031798553
46258,36081045900,0.55514568,0.020140722
46259,36081046000,0.42597419,0.011325238
46260,36081046100,0.49881807,0.02064836
46261,36081046200,0.46639484,0.012318837
46262,36081046300,0.515755,0.018131346
46263,36081046400,0.39957657,0.047369931
46264,36081046500,0.45721042,0.018084368
46265,36081046600,0.48039296,0.026239853
46266,36081046700,0.46572018,0.012337004
46267,36081046800,0.46406215,0.015482814
46268,36081046900,0.47995722,0.010854588
46269,36081047000,0.49316418,0.016953895
46270,36081047100,0.49693719,0.018530205
46271,36081047200,0.49156734,0.02339112
46272,36081047300,0.51031625,0.019551277
46273,36081047500,0.53950602,0.020377204
46274,36081047600,0.56059963,0.045446783
46275,36081047800,0.49132165,0.018578129
46276,36081047900,0.56897902,0.016194521
46277,36081048000,0.47216764,0.020764615
46278,36081048100,0.51941448,0.014344664
46279,36081048200,0.45995221,0.031186499
46280,36081048300,0.54240209,0.018915446
46281,36081048400,0.47618872,0.014043535
46282,36081048500,0.54348707,0.018155957
46283,36081048900,0.56398147,0.035154849
46284,36081049200,0.4682208,0.01397688
46285,36081049301,0.50941157,0.036601055
46286,36081049302,0.48450229,0.033594999
46287,36081049500,0.61758876,0.052641962
46288,36081049600,0.47431386,0.020180687
46289,36081049700,0.56840563,0.029506478
46290,36081049900,0.56463963,0.019144341
46291,36081050000,0.39070711,0.013181785
46292,36081050201,0.39049286,0.027423991
46293,36081050202,0.40969953,0.02539053
46294,36081050400,0.39231199,0.022618966
46295,36081050500,0.60069495,0.046998449
46296,36081050600,0.34682727,0.022978298
46297,36081050700,0.6251111,0.035567194
46298,36081050800,0.37490311,0.019062754
46299,36081051000,0.40406427,0.02426428
46300,36081051100,0.60071307,0.036664896
46301,36081051200,0.40292728,0.019392187
46302,36081051300,0.54594165,0.034191601
46303,36081051500,0.53069222,0.03157882
46304,36081051600,0.35811472,0.019875959
46305,36081051700,0.51306593,0.03619799
46306,36081051800,0.377868,0.02003485
46307,36081052000,0.38721764,0.024343267
46308,36081052100,0.53140092,0.030890459
46309,36081052200,0.35419133,0.023957882
46310,36081052400,0.35403031,0.022942554
46311,36081052500,0.48845649,0.034986027
46312,36081052600,0.37188789,0.020011958
46313,36081052800,0.39117369,0.025162557
46314,36081053000,0.34763312,0.016898036
46315,36081053100,0.49279028,0.023524376
46316,36081053200,0.36177197,0.021212721
46317,36081053401,0.39708126,0.019327583
46318,36081053500,0.37411872,0.029371001
46319,36081053601,0.39048991,0.023102477
46320,36081053800,0.43178487,0.022863802
46321,36081053900,0.49471566,0.017424805
46322,36081054000,0.40185493,0.013904539
46323,36081054200,0.47618085,0.015042464
46324,36081054500,0.48357749,0.016299769
46325,36081054700,0.46825734,0.014768963
46326,36081054800,0.53511721,0.022518376
46327,36081054900,0.45308781,0.012451395
46328,36081055100,0.46708554,0.014940298
46329,36081055200,0.52611387,0.021814657
46330,36081055300,0.45514795,0.017583579
46331,36081055400,0.46438611,0.030223455
46332,36081055500,0.49522051,0.02053519
46333,36081055600,0.5138768,0.0270651
46334,36081055700,0.45369527,0.015982574
46335,36081055800,0.52047151,0.029896388
46336,36081055900,0.41734821,0.027630065
46337,36081056000,0.51362544,0.032232746
46339,36081056200,0.5756669,0.032877423
46340,36081056400,0.47760102,0.02689885
46341,36081056500,0.38567629,0.028590098
46342,36081056600,0.52854222,0.029858517
46343,36081056700,0.50128478,0.020878462
46344,36081056800,0.4274599,0.015001696
46345,36081057700,0.5426442,0.020081082
46346,36081057900,0.47648096,0.031693105
46347,36081058000,0.39957029,0.016306467
46348,36081058100,0.48568237,0.024609264
46349,36081058200,0.38926619,0.014614041
46350,36081058300,0.49021381,0.021379083
46351,36081058500,0.47027177,0.018031932
46352,36081058700,0.5152607,0.020239044
46353,36081058900,0.44552594,0.016535416
46354,36081059000,0.38211718,0.027922709
46355,36081059100,0.47782701,0.016006872
46356,36081059200,0.35937136,0.031305216
46357,36081059300,0.52391076,0.019680403
46358,36081059400,0.3908259,0.025572434
46359,36081059500,0.49910253,0.018779568
46360,36081059600,0.38837814,0.03134311
46361,36081059800,0.38783661,0.025284432
46362,36081059900,0.58704358,0.043228943
46363,36081060000,0.40889671,0.035584152
46364,36081060100,0.48951283,0.036193032
46365,36081060300,0.61876953,0.035702053
46366,36081060600,0.42962936,0.02715943
46367,36081060800,0.40849945,0.023975184
46368,36081061000,0.36077034,0.029731983
46369,36081061200,0.42220569,0.030518554
46370,36081061301,0.51992977,0.016510345
46372,36081061400,0.4360109,0.032529268
46373,36081061601,0.40187243,0.025333874
46374,36081061602,0.41677231,0.03353126
46375,36081061800,0.39625013,0.031198485
46376,36081061900,0.51625657,0.027483292
46377,36081062000,0.34454975,0.025419453
46378,36081062100,0.53515565,0.027358068
46379,36081062200,0.39129299,0.027949991
46380,36081062300,0.43295866,0.041290913
46381,36081062500,0.53456414,0.030167548
46382,36081062600,0.35895619,0.01811165
46383,36081062700,0.52601171,0.027529705
46384,36081062900,0.52103633,0.02386255
46385,36081063000,0.42237028,0.025899874
46386,36081063200,0.41116363,0.021622619
46387,36081063301,0.57992005,0.046825655
46388,36081063302,0.53858507,0.041984405
46389,36081063500,0.57803828,0.038790721
46390,36081063700,0.57509214,0.038544975
46391,36081063800,0.43113756,0.020100925
46392,36081063900,0.50161445,0.033802871
46393,36081064101,0.64498413,0.045320667
46395,36081064500,0.58484232,0.039784882
46396,36081064600,0.39777392,0.019449772
46397,36081065000,0.35974023,0.020476863
46398,36081065400,0.45235291,0.022226507
46399,36081065600,0.43592781,0.017798435
46400,36081065702,0.45248696,0.045475379
46401,36081065703,0.50986642,0.04457688
46402,36081065900,0.53966677,0.046215769
46403,36081066000,0.45822316,0.019936319
46404,36081066100,0.54732174,0.053286817
46405,36081066300,0.64356375,0.041239277
46406,36081066400,0.43067688,0.011662589
46407,36081066501,0.62776309,0.042002864
46408,36081066701,0.57132548,0.039535023
46409,36081066900,0.55569464,0.06068344
46410,36081067100,0.52762568,0.041228086
46411,36081067700,0.59178036,0.042824052
46412,36081067900,0.53053117,0.021942366
46413,36081068000,0.43150532,0.017453112
46414,36081068200,0.30269155,0.030070564
46415,36081068300,0.53628671,0.016093323
46416,36081068700,0.57615554,0.018467929
46417,36081069000,0.36775073,0.017566942
46418,36081069300,0.57651919,0.024464697
46419,36081069400,0.41528216,0.020544635
46420,36081069500,0.62681204,0.032853611
46421,36081069701,0.54760927,0.021848589
46422,36081069702,0.5921008,0.024689654
46423,36081070300,0.54465961,0.042229224
46424,36081070700,0.59558451,0.037659697
46425,36081070900,0.51344883,0.037401881
46426,36081071100,0.55902141,0.025757249
46427,36081071303,0.52637041,0.025750011
46428,36081071304,0.59050691,0.01815613
46429,36081071305,0.53926522,0.022153696
46430,36081071306,0.57532787,0.019118581
46432,36081071701,0.57935256,0.017430903
46433,36081071702,0.56613392,0.02045917
46434,36081071900,0.55722153,0.022804311
46435,36081072100,0.57279414,0.016026216
46436,36081072300,0.62891692,0.042730421
46437,36081072900,0.59239358,0.046823159
46438,36081073100,0.6455549,0.046893302
46439,36081073700,0.54713058,0.04797693
46440,36081073900,0.52252257,0.032574143
46441,36081074100,0.57884389,0.032050889
46442,36081074300,0.55871463,0.019786399
46443,36081074500,0.54887623,0.017897744
46444,36081074700,0.60521108,0.020518955
46445,36081074900,0.57092208,0.073384598
46446,36081075701,0.56749231,0.034591354
46447,36081075702,0.58584547,0.030434309
46448,36081076901,0.55373454,0.032359306
46449,36081076902,0.59959096,0.03808457
46450,36081077300,0.52452958,0.034747757
46451,36081077500,0.53325844,0.02839548
46452,36081077902,0.56629062,0.02528492
46453,36081077903,0.51777291,0.023866227
46454,36081077904,0.54190624,0.015287867
46455,36081077905,0.50893414,0.035825234
46456,36081077906,0.51644236,0.026727352
46457,36081077907,0.5190897,0.020976366
46458,36081077908,0.50640076,0.018395226
46459,36081078800,0.3711291,0.022693537
46460,36081079000,0.39266846,0.019728262
46461,36081079200,0.38737008,0.023809953
46463,36081079701,0.59529084,0.013794835
46464,36081079702,0.54779184,0.016057249
46465,36081079900,0.59372056,0.024543351
46466,36081080301,0.61742485,0.020601556
46467,36081080302,0.57111478,0.024227705
46468,36081080900,0.53356785,0.022001661
46469,36081081400,0.39444113,0.015610247
46470,36081081800,0.42412266,0.016413389
46471,36081083700,0.57286584,0.016643798
46472,36081083800,0.46041757,0.018408693
46473,36081084000,0.4278554,0.013927801
46474,36081084500,0.45156562,0.015486858
46475,36081084601,0.44464821,0.026506441
46476,36081084602,0.50759923,0.042431414
46477,36081084900,0.48096332,0.010683157
46478,36081085300,0.53794765,0.013773612
46479,36081085500,0.49209225,0.012877923
46480,36081085700,0.52249151,0.013662053
46481,36081085900,0.541852,0.014791797
46482,36081086100,0.54746205,0.023290616
46483,36081086300,0.51015633,0.012066469
46484,36081086400,0.51118326,0.024707388
46485,36081086500,0.52763766,0.018937496
46486,36081086900,0.4856323,0.028680688
46487,36081087100,0.41060573,0.019099025
46488,36081088400,0.51947999,0.023444597
46489,36081088901,0.54979533,0.014151613
46490,36081089200,0.58116716,0.023635022
46491,36081090700,0.52436751,0.047228049
46492,36081091601,0.5946995,0.038313098
46494,36081091900,0.50654453,0.022057176
46495,36081092200,0.53853989,0.053580999
46496,36081092500,0.51419789,0.024843447
46497,36081092800,0.61327946,0.055653702
46498,36081092900,0.53245842,0.020451475
46499,36081093401,0.55283809,0.039584473
46500,36081093402,0.51269841,0.030424748
46501,36081093800,0.49108315,0.028744239
46502,36081093900,0.55667591,0.026721345
46503,36081094201,0.36704543,0.019706005
46504,36081094202,0.33722591,0.015851274
46505,36081094203,0.41776493,0.017038919
46506,36081094500,0.57187253,0.029258825
46507,36081094700,0.49125728,0.029932374
46508,36081095400,0.37872693,0.015792808
46509,36081096400,0.37637085,0.018457271
46510,36081097202,0.33558902,0.011659119
46511,36081097203,0.31480759,0.0085497219
46512,36081097204,0.3450346,0.016396455
46513,36081097300,0.58216506,0.040427938
46514,36081098100,0.51141012,0.037947863
46515,36081098700,0.56094784,0.033197951
46516,36081099100,0.57899123,0.027328396
46517,36081099200,0.40552372,0.018665593
46518,36081099701,0.59307957,0.041149233
46519,36081099703,0.64093608,0.03713787
46520,36081099704,0.57072425,0.029183706
46521,36081099705,0.65428364,0.053943302
46522,36081099801,0.3907375,0.010782382
46523,36081099802,0.3694438,0.015133725
46524,36081099900,0.37649539,0.074711643
46525,36081100801,0.36845297,0.02933892
46526,36081100802,0.40703529,0.012478377
46527,36081101001,0.37520847,0.010090068
46528,36081101002,0.45241445,0.03224403
46529,36081101700,0.59885895,0.029012941
46530,36081102900,0.49609366,0.034483414
46531,36081103201,0.36177605,0.011250299
46532,36081103202,0.42964023,0.015466699
46533,36081103300,0.60774165,0.028865855
46534,36081103900,0.61079603,0.02321597
46535,36081104700,0.59642529,0.018958855
46536,36081105900,0.55394763,0.03147443
46537,36081107201,0.55309349,0.04030519
46538,36081108500,0.59275109,0.034751963
46539,36081109300,0.58246303,0.037447516
46540,36081109700,0.51048231,0.035937559
46541,36081109900,0.64540362,0.031204483
46542,36081111300,0.55654573,0.035769951
46543,36081112300,0.48653138,0.031743106
46544,36081112900,0.62565994,0.038428996
46545,36081113300,0.61865002,0.045348052
46546,36081113900,0.52207011,0.031521603
46547,36081114100,0.69050843,0.039029274
46548,36081114700,0.576316,0.04340652
46549,36081115100,0.62144583,0.053313628
46550,36081115500,0.54470181,0.029952029
46551,36081115700,0.5570311,0.021139264
46552,36081115900,0.51700765,0.018966533
46553,36081116100,0.55309933,0.016469371
46554,36081116300,0.51390034,0.011829059
46555,36081116700,0.53692061,0.026326144
46556,36081117100,0.51545125,0.024129495
46557,36081117500,0.53772134,0.019448983
46558,36081118100,0.58006185,0.037758771
46559,36081118500,0.51430887,0.031475291
46560,36081118700,0.52106375,0.025435898
46561,36081118900,0.52632779,0.024965193
46562,36081119100,0.56358737,0.023021407
46563,36081119300,0.59505481,0.032211326
46564,36081119500,0.5918017,0.0478798
46565,36081119900,0.5716514,0.032433152
46566,36081120100,0.53011209,0.031129144
46567,36081120300,0.58052248,0.030819213
46568,36081120500,0.57639068,0.023995792
46569,36081120700,0.61046332,0.029141819
46570,36081121500,0.57899749,0.021337505
46571,36081122300,0.60363764,0.027580138
46572,36081122701,0.54713404,0.017310854
46573,36081122702,0.42977452,0.013543679
46574,36081124100,0.54168367,0.023101445
46575,36081124700,0.57264251,0.028721327
46576,36081125700,0.50679743,0.022644509
46577,36081126500,0.53357959,0.036937263
46578,36081126700,0.54302847,0.029069155
46579,36081127700,0.54611027,0.032081198
46581,36081129102,0.63025367,0.034774818
46582,36081129103,0.55353338,0.038419485
46583,36081129104,0.55231106,0.031903181
46584,36081130100,0.53671384,0.030812539
46585,36081133300,0.61955172,0.028824996
46586,36081133900,0.61007112,0.049363229
46587,36081134100,0.60784024,0.026013097
46588,36081134700,0.53170937,0.017316787
46589,36081136700,0.59780484,0.021215083
46590,36081137700,0.53646135,0.020322025
46591,36081138501,0.64734507,0.024525922
46592,36081139900,0.58028877,0.039752267
46593,36081140300,0.589454,0.032519192
46594,36081140901,0.56708902,0.047590107
46595,36081140902,0.64070249,0.03209503
46596,36081141700,0.61765021,0.023854723
46597,36081142900,0.62606466,0.026285553
46598,36081143500,0.56609243,0.035605226
46599,36081144100,0.60073775,0.028664293
46600,36081144700,0.50426483,0.025804834
46601,36081145101,0.51782995,0.043099973
46602,36081145102,0.50222498,0.029501792
46603,36081145900,0.57689399,0.031783998
46604,36081146300,0.53328854,0.027386902
46605,36081146700,0.54018313,0.030294668
46606,36081147100,0.52398002,0.028248193
46607,36081147900,0.57424569,0.028932022
46608,36081148300,0.55940986,0.045555633
46609,36081150701,0.59663504,0.03431445
46610,36081150702,0.65158617,0.036181141
46611,36081152901,0.59518725,0.027417395
46612,36081152902,0.61001039,0.028133314
46614,36081155102,0.52990675,0.031560685
46616,36081157101,0.60697287,0.022664705
46617,36081157102,0.55437243,0.043424353
46618,36081157901,0.64784634,0.02744811
46619,36081157902,0.52346987,0.031501692
46620,36081157903,0.59610057,0.029511599
46621,36081161700,0.52059549,0.03133706
46622,36081162100,0.50451964,0.023634776
46665,36085000300,0.44539705,0.03574387
46666,36085000600,0.43304047,0.035915997
46667,36085000700,0.37117165,0.013293052
46668,36085000800,0.47903228,0.025167655
46669,36085000900,0.39120719,0.027598605
46670,36085001100,0.3803468,0.018543273
46671,36085001700,0.39098972,0.037405819
46672,36085001800,0.51527727,0.044200651
46673,36085002001,0.49246123,0.034818694
46674,36085002002,0.56162822,0.030369159
46675,36085002100,0.3903057,0.018263349
46676,36085002700,0.39568564,0.033112854
46677,36085002900,0.35695842,0.011104716
46678,36085003300,0.48691007,0.026985576
46679,36085003600,0.54850918,0.038191397
46680,36085003900,0.43943194,0.02651415
46681,36085004000,0.38617009,0.008320271
46682,36085004700,0.55802703,0.039671898
46683,36085005000,0.55605489,0.030641977
46684,36085005900,0.53836584,0.043935057
46685,36085006400,0.42735085,0.023052758
46686,36085006700,0.51981825,0.051878121
46687,36085007000,0.48786828,0.02374362
46688,36085007400,0.49698225,0.021461388
46689,36085007500,0.42811352,0.028080838
46690,36085007700,0.38582072,0.02777268
46691,36085008100,0.3613129,0.020358808
46692,36085009601,0.5627616,0.035079483
46693,36085009602,0.54673386,0.029723102
46694,36085009700,0.39891356,0.021850372
46695,36085010500,0.40889776,0.023864105
46696,36085011201,0.47181275,0.023374844
46697,36085011202,0.49318132,0.019719986
46698,36085011401,0.44297653,0.023625065
46699,36085011402,0.44894105,0.029558439
46700,36085012100,0.52005333,0.044743847
46701,36085012200,0.52024156,0.038197473
46702,36085012500,0.46464351,0.031100966
46703,36085012804,0.50802362,0.024806825
46704,36085012805,0.49288678,0.032737833
46705,36085012806,0.52558643,0.0219067
46706,36085013201,0.61540437,0.068917185
46707,36085013203,0.50966734,0.029249776
46708,36085013204,0.50125474,0.032726821
46709,36085013301,0.33770245,0.015801454
46710,36085013302,0.38847572,0.019394949
46711,36085013400,0.46674582,0.037213415
46712,36085013800,0.54436952,0.031980563
46713,36085014100,0.46063104,0.032324784
46714,36085014604,0.5673126,0.02401806
46715,36085014605,0.54883558,0.037549403
46716,36085014606,0.54239398,0.02204706
46717,36085014607,0.53782201,0.029134003
46718,36085014608,0.59239286,0.031190811
46719,36085014700,0.4754445,0.043508794
46720,36085015100,0.58147526,0.034632534
46721,36085015601,0.58025444,0.03094805
46722,36085015602,0.53191864,0.043185774
46723,36085015603,0.5682056,0.027994575
46724,36085016901,0.54565686,0.03658773
46725,36085017005,0.58754325,0.033961549
46726,36085017007,0.50606078,0.025153037
46727,36085017008,0.62480289,0.021885708
46728,36085017009,0.56951618,0.030773845
46729,36085017010,0.5627647,0.017946756
46730,36085017011,0.53709143,0.031533748
46731,36085017012,0.57240319,0.031012669
46732,36085017300,0.38709727,0.022202417
46733,36085017600,0.582219,0.029878238
46734,36085017700,0.5635156,0.028615555
46735,36085018100,0.54148948,0.054742347
46736,36085018701,0.50986344,0.049508575
46737,36085018702,0.53063464,0.022025498
46738,36085018901,0.57954353,0.030208362
46739,36085018902,0.55378401,0.02656446
46740,36085019700,0.5831821,0.051537558
46741,36085019800,0.57846618,0.026677085
46742,36085020100,0.40009961,0.033763587
46743,36085020700,0.3521032,0.014792073
46744,36085020801,0.57631576,0.020047834
46745,36085020803,0.57774109,0.025562972
46746,36085020804,0.57014817,0.027136708
46747,36085021300,0.4056702,0.022114165
46748,36085022300,0.40548515,0.024832785
46749,36085022600,0.57682759,0.023987062
46751,36085023100,0.43876296,0.023107905
46752,36085023900,0.36582994,0.023047613
46753,36085024401,0.54697865,0.028720612
46754,36085024402,0.59581649,0.03119076
46755,36085024700,0.44356525,0.030818261
46756,36085024800,0.51221448,0.02971877
46757,36085025100,0.63536114,0.031366676
46758,36085027301,0.56978434,0.028810319
46759,36085027302,0.62778467,0.027498737
46760,36085027702,0.54924601,0.018719492
46761,36085027704,0.59422201,0.022994248
46762,36085027705,0.59789181,0.020080324
46763,36085027706,0.53564972,0.024469547
46764,36085027900,0.60025811,0.060224399
46765,36085029102,0.5428915,0.032082755
46766,36085029103,0.53260541,0.020707479
46767,36085029104,0.53328776,0.022587027
46768,36085030301,0.49395373,0.021869531
46769,36085030302,0.47205701,0.019225901
46770,36085031901,0.37763456,0.015129631
46771,36085031902,0.36882919,0.014622125
46772,36085032300,0.36068952,0.034804959
